{
  "width": 1600,
  "height": 1200,
  "edgeColor" : "#f2a365",
  "rectangles": [
    [100, 200, "#f2a365", [ [550, 0], [550, 1000], [950, 0], [950, 1000] ]],
    [200, 100, "#f2a365", [ [200, 250], [200, 850], [1200, 250], [1200, 850] ]]
  ],
  "walls": [
    [[[-80, 0], [-80, -200], [80, 0], [-80, 200]], [[800, 600]], -0.872664626, "#f2a365"],
    [[[-80, 0], [-80, -200], [80, 0], [-80, 200]], [[800, 600]], -2.26892803, "#f2a365"],
    [[[-70, 0], [0, -160], [70, 0]], [[800, 550]], 0, "#f2a365"],
    [[[0, -150], [100, -150], [100, -50], [200, -50], [200, 50], [100, 50], [100, 150], [0, 150]], [[0, 600]], 0, "#f2a365"],
    [[[0, -150], [-100, -150], [-100, -50], [-200, -50], [-200, 50], [-100, 50], [-100, 150], [0, 150]], [[1600, 600]], 0, "#f2a365"]
  ],

  "commentwalls": [
    [[["shape pointx", "shape pointy"], ["pointx", "pointy"]], [["coordx", "coordy"], ["coordx", "coordy"]], "rotation", "color"]
  ],
  "commentrectangles": [
    ["width", "height", "color", [["coordx", "coordy"], ["coordx", "coordy"]]]
  ]
}